name,address,distance,types,link
MONOPRIX,7 RUE DE BRIORD 44000 NANTES,0.2km,"Ampoules ou tubes ""néons"", Appareils électriques et électroniques, Piles & batteries",https://www.ecosystem.eco/point-de-collecte/afficher/12892
WELDOM,6 RUE DE TALENSAC 44000 NANTES,0.4km,"Ampoules ou tubes ""néons"", Piles & batteries",https://www.ecosystem.eco/point-de-collecte/afficher/11055
WELDOM,7 RUE DE L'ARCHE SECHE 44000 NANTES,0.5km,"Ampoules ou tubes ""néons"", Piles & batteries",https://www.ecosystem.eco/point-de-collecte/afficher/12862
CARREFOUR MARKET,27 PARVIS NEPTUNE 44000 NANTES,0.5km,"Ampoules ou tubes ""néons"", Appareils électriques et électroniques, Cartouches d'imprimante, Piles & batteries",https://www.ecosystem.eco/point-de-collecte/afficher/9355
MONOPRIX,2 RUE DU CALVAIRE 44000 NANTES,0.5km,"Ampoules ou tubes ""néons"", Appareils électriques et électroniques, Cartouches d'imprimante, Piles & batteries",https://www.ecosystem.eco/point-de-collecte/afficher/11435
U EXPRESS,3 RUE LAFAYETTE 44000 NANTES,0.7km,"Ampoules ou tubes ""néons"", Appareils électriques et électroniques, Piles & batteries",https://www.ecosystem.eco/point-de-collecte/afficher/9380
AUCHAN,61 RUE DE DETTWILLER 67700 SAVERNE,0.7km,"Ampoules ou tubes ""néons"", Appareils électriques et électroniques, Piles & batteries",https://www.ecosystem.eco/point-de-collecte/afficher/18101
MAISONS DU MONDE,20 RUE DU CALVAIRE 44000 NANTES,0.7km,"Ampoules ou tubes ""néons""",https://www.ecosystem.eco/point-de-collecte/afficher/18255
CASINO SUPERMARCHÉ,103 AU 105 RUE DU GENERAL BUAT 44000 NANTES,1.2km,"Ampoules ou tubes ""néons"", Appareils électriques et électroniques, Cartouches d'imprimante, Piles & batteries",https://www.ecosystem.eco/point-de-collecte/afficher/2237
SUPER U,66 BOULEVARD DALBY 44000 NANTES,1.9km,"Ampoules ou tubes ""néons"", Cartouches d'imprimante, Piles & batteries",https://www.ecosystem.eco/point-de-collecte/afficher/1884
U EXPRESS,8 BOULEVARD LELASSEUR 44000 NANTES,1.9km,"Ampoules ou tubes ""néons"", Appareils électriques et électroniques, Cartouches d'imprimante, Piles & batteries",https://www.ecosystem.eco/point-de-collecte/afficher/7914
CARREFOUR,RUE GAETAN RONDEAU CC DE BEAULIEU 44000 NANTES,2km,"Ampoules ou tubes ""néons"", Appareils électriques et électroniques, Cartouches d'imprimante, Piles & batteries",https://www.ecosystem.eco/point-de-collecte/afficher/3274
WELDOM,9 AVENUE DES LAURIERS PLACE ZOLA 44100 NANTES,2.6km,"Ampoules ou tubes ""néons"", Piles & batteries",https://www.ecosystem.eco/point-de-collecte/afficher/12855
U EXPRESS,100 BOULEVARD SCHUMAN 44300 NANTES,2.6km,"Ampoules ou tubes ""néons"", Appareils électriques et électroniques, Piles & batteries",https://www.ecosystem.eco/point-de-collecte/afficher/7889
CONFORAMA,RUE ABBE GREGOIRE ZI ATOUT SUD 44400 REZE,2.7km,"Ampoules ou tubes ""néons"", Appareils électriques et électroniques, Piles & batteries",https://www.ecosystem.eco/point-de-collecte/afficher/4359
BOULANGER,1 RUE MARC ELDER ZC ATOUT SUD 44400 REZE,2.9km,"Ampoules ou tubes ""néons""",https://www.ecosystem.eco/point-de-collecte/afficher/4052
GIFI,RUE MARC ELDER ATOUT SUD Z.A.C. ORDRONNEAU 44400 REZE,3km,"Ampoules ou tubes ""néons"", Appareils électriques et électroniques",https://www.ecosystem.eco/point-de-collecte/afficher/7955
INTERMARCHÉ,173 ROUTE SAINT JOSEPH 44300 NANTES,3km,"Ampoules ou tubes ""néons"", Appareils électriques et électroniques, Piles & batteries",https://www.ecosystem.eco/point-de-collecte/afficher/3352
CARREFOUR MARKET,ROND POINT ROUTE DE VANNES 44100 NANTES,3km,"Ampoules ou tubes ""néons"", Appareils électriques et électroniques, Cartouches d'imprimante, Piles & batteries",https://www.ecosystem.eco/point-de-collecte/afficher/2792
INTERMARCHÉ,32 RUE DE LA MARSEILLAISE 44000 NANTES,3km,"Ampoules ou tubes ""néons"", Appareils électriques et électroniques, Piles & batteries",https://www.ecosystem.eco/point-de-collecte/afficher/3748
CENTRAKOR,10 RUE ORDRONNEAU 44400 REZE,3.2km,"Ampoules ou tubes ""néons""",https://www.ecosystem.eco/point-de-collecte/afficher/49384
SUPER U,75 BOULEVARD JOLIOT CURIE 44200 NANTES,3.2km,"Ampoules ou tubes ""néons"", Piles & batteries",https://www.ecosystem.eco/point-de-collecte/afficher/10676
SUPER U,80 BOULEVARD DES PAS ENCHANTES 44230 SAINT SEBASTIEN SUR LOIRE,3.2km,"Ampoules ou tubes ""néons""",https://www.ecosystem.eco/point-de-collecte/afficher/6155
INTERMARCHÉ,5 RUE LIEUTENANT AUGE 44230 SAINT-SÉBASTIEN-SUR-LOIRE,3.3km,"Ampoules ou tubes ""néons"", Piles & batteries",https://www.ecosystem.eco/point-de-collecte/afficher/13098
PULSAT,5BIS RUE DU LIEUTENANT AUGE ZAC BRICOMARCHE 44230 SAINT SEBASTIEN,3.4km,"Ampoules ou tubes ""néons"", Appareils électriques et électroniques",https://www.ecosystem.eco/point-de-collecte/afficher/1535
LEROY MERLIN,5 RUE ORDRONNEAU 44400 REZE,3.4km,"Ampoules ou tubes ""néons"", Appareils électriques et électroniques, Piles & batteries",https://www.ecosystem.eco/point-de-collecte/afficher/8910
SUPER U,192 ROUTE DE SAINT LUCE 44300 NANTES,3.7km,"Ampoules ou tubes ""néons"", Appareils électriques et électroniques, Piles & batteries",https://www.ecosystem.eco/point-de-collecte/afficher/13953
DÉCHÈTERIE,RUE VULCAIN 44300 NANTES,3.8km,"Ampoules ou tubes ""néons"", Piles & batteries",https://www.ecosystem.eco/point-de-collecte/afficher/7942
U EXPRESS,94 RUE DE LA BOURGEONNIERE 44300 NANTES,3.8km,"Ampoules ou tubes ""néons"", Appareils électriques et électroniques, Piles & batteries",https://www.ecosystem.eco/point-de-collecte/afficher/5607
U EXPRESS,94 RUE DE LA BOUGEONNIERE 44300 NANTES,4km,"Ampoules ou tubes ""néons""",https://www.ecosystem.eco/point-de-collecte/afficher/11237
DÉCHÈTERIE,42 BOULEVARD DU MARECHAL JUIN 44000 NANTES,4.2km,"Ampoules ou tubes ""néons"", Appareils électriques et électroniques, Piles & batteries",https://www.ecosystem.eco/point-de-collecte/afficher/7879
CARREFOUR,BOULEVARD DE LA BAULE 44800 SAINT HERBLAIN,4.5km,"Ampoules ou tubes ""néons"", Appareils électriques et électroniques, Cartouches d'imprimante, Piles & batteries",https://www.ecosystem.eco/point-de-collecte/afficher/3294
BOULANGER,RUE DU PERRAY CC PARIDIS 44300 NANTES,4.5km,"Ampoules ou tubes ""néons""",https://www.ecosystem.eco/point-de-collecte/afficher/3991
E. LECLERC,14 ROUTE DE PARIS 44000 NANTES,4.5km,"Ampoules ou tubes ""néons"", Cartouches d'imprimante, Piles & batteries",https://www.ecosystem.eco/point-de-collecte/afficher/982
SUPER U,22 RUE DE LA GALARNIERE 44400 REZE,4.6km,"Ampoules ou tubes ""néons"", Cartouches d'imprimante, Piles & batteries",https://www.ecosystem.eco/point-de-collecte/afficher/5041
CENTRAKOR,248 ROUTE DE VANNES 44700 ORVAULT,4.7km,"Ampoules ou tubes ""néons""",https://www.ecosystem.eco/point-de-collecte/afficher/19402
DÉCHÈTERIE,29 RUE DE LA GARE DE SAINT JOSEPH 44000 NANTES,4.7km,"Ampoules ou tubes ""néons"", Appareils électriques et électroniques, Piles & batteries",https://www.ecosystem.eco/point-de-collecte/afficher/7877
E. LECLERC,3 RUE AMPERE ZAC DE GESVRINE 44240 LA CHAPELLE SUR ERDRE,4.7km,"Ampoules ou tubes ""néons"", Appareils électriques et électroniques, Piles & batteries, Batteries Mobilité",https://www.ecosystem.eco/point-de-collecte/afficher/975
DARTY,8 RUE DE BRETAGNE ZAC DE LA MALABRY 44240 LA CHAPELLE SUR ERDRE,4.8km,"Ampoules ou tubes ""néons"", Appareils électriques et électroniques",https://www.ecosystem.eco/point-de-collecte/afficher/3441
DARTY,8 RUE DE BRETAGNE ZAC DE LA MALABRY 44240 LA CHAPELLE SUR ERDRE,4.8km,"Ampoules ou tubes ""néons"", Appareils électriques et électroniques",https://www.ecosystem.eco/point-de-collecte/afficher/14872
CASINO,15 RUE DE SAINT NAZAIRE 44800 SAINT HERBLAIN,4.8km,"Ampoules ou tubes ""néons"", Cartouches d'imprimante, Piles & batteries",https://www.ecosystem.eco/point-de-collecte/afficher/1963
CASINO SUPERMARCHÉ,15 RUE DE SAINT NAZAIRE 44800 SAINT-HERBLAIN,4.8km,"Ampoules ou tubes ""néons""",https://www.ecosystem.eco/point-de-collecte/afficher/12973
U EXPRESS,PLACE DE LA CHAPELLE 44340 BOUGUENAIS,4.9km,"Ampoules ou tubes ""néons"", Appareils électriques et électroniques, Cartouches d'imprimante, Piles & batteries",https://www.ecosystem.eco/point-de-collecte/afficher/5169
E. LECLERC,1 RUE ORDRONNEAU ROUTE DE PORNIC 44400 REZE,4.9km,"Ampoules ou tubes ""néons"", Piles & batteries",https://www.ecosystem.eco/point-de-collecte/afficher/878
AUCHAN,325 ROUTE DE VANNES 44530 SAINT HERBLAIN,5km,"Ampoules ou tubes ""néons"", Appareils électriques et électroniques, Cartouches d'imprimante, Piles & batteries",https://www.ecosystem.eco/point-de-collecte/afficher/4153
U EXPRESS,36 BOULEVARD DE LA BEAUJOIRE 44300 NANTES,5.2km,"Ampoules ou tubes ""néons""",https://www.ecosystem.eco/point-de-collecte/afficher/19157
IKEA,BOULEVARD SALVADOR ALLENDE POLE ATLANTIS 44800 SAINT HERBLAIN,5.2km,"Ampoules ou tubes ""néons"", Piles & batteries",https://www.ecosystem.eco/point-de-collecte/afficher/7909
E. LECLERC,BOULEVARD SALVADOR ALLENDE CC ATLANTIS SAINT HERBLAIN 44800 SAINT HERBLAIN,5.2km,"Ampoules ou tubes ""néons"", Appareils électriques et électroniques, Piles & batteries",https://www.ecosystem.eco/point-de-collecte/afficher/9393
BRICO DÉPÔT,5 PLACE MAGELLAN ZONE ATLANTIS 44800 SAINT HERBLAIN,5.3km,"Ampoules ou tubes ""néons"", Piles & batteries",https://www.ecosystem.eco/point-de-collecte/afficher/11365
IKEA,16 RUE DE LA GARDE 44300 NANTES,5.3km,"Ampoules ou tubes ""néons"", Appareils électriques et électroniques",https://www.ecosystem.eco/point-de-collecte/afficher/3536
